SD-A440,ô„‘€,ka,ka,ğ‘–
SD-A441,ô„‘,kÄ,kaa,ğ‘–ğ‘–¯
SD-A442,ô„‘‚,ki,ki,ğ‘–ğ‘–°
SD-A443,ô„‘ƒ,kÄ«,kii,ğ‘–ğ‘–±
SD-A444,ô„‘„,ku,ku,ğ‘–ğ‘–²
SD-A445,ô„‘…,kÅ«,kuu,ğ‘–ğ‘–³
SD-A446,ô„‘†,ke,ke,ğ‘–ğ‘–¸
SD-A447,ô„‘‡,kai,kai,ğ‘–ğ‘–¹
SD-A448,ô„‘ˆ,ko,ko,ğ‘–ğ‘–º
SD-A449,ô„‘‰,kau,kau,ğ‘–ğ‘–»
SD-A44A,ô„‘Š,kaá¹ƒ,ka.m,ğ‘–ğ‘–½
SD-A44B,ô„‘‹,kaá¸¥,ka.h,ğ‘–ğ‘–¾
SD-A44C,ô„‘Œ,kha,kha,ğ‘–
SD-A44D,ô„‘,khÄ,khaa,ğ‘–ğ‘–¯
SD-A44E,ô„‘,khi,khi,ğ‘–ğ‘–°
SD-A44F,ô„‘,khÄ«,khii,ğ‘–ğ‘–±
SD-A452,ô„‘’,khe,khe,ğ‘–ğ‘–¸
SD-A454,ô„‘”,kho,kho,ğ‘–ğ‘–º
SD-A456,ô„‘–,khaá¹ƒ,kha.m,ğ‘–ğ‘–½
SD-A457,ô„‘—,khaá¸¥,kha.h,ğ‘–ğ‘–¾
SD-A458,ô„‘˜,ga,ga,ğ‘–
SD-A459,ô„‘™,gÄ,gaa,ğ‘–ğ‘–¯
SD-A45A,ô„‘š,gi,gi,ğ‘–ğ‘–°
SD-A45C,ô„‘œ,gu,gu,ğ‘–ğ‘–²
SD-A45D,ô„‘,gÅ«,guu,ğ‘–ğ‘–³
SD-A45E,ô„‘,ge,ge,ğ‘–ğ‘–¸
SD-A45F,ô„‘Ÿ,gai,gai,ğ‘–ğ‘–¹
SD-A460,ô„‘ ,go,go,ğ‘–ğ‘–º
SD-A461,ô„‘¡,gau,gau,ğ‘–ğ‘–»
SD-A462,ô„‘¢,gaá¹ƒ,ga.m,ğ‘–ğ‘–½
SD-A463,ô„‘£,gaá¸¥,ga.h,ğ‘–ğ‘–¾
SD-A464,ô„‘¤,gha,gha,ğ‘–‘
SD-A465,ô„‘¥,ghÄ,ghaa,ğ‘–‘ğ‘–¯
SD-A466,ô„‘¦,ghi,ghi,ğ‘–‘ğ‘–°
SD-A467,ô„‘§,ghÄ«,ghii,ğ‘–‘ğ‘–±
SD-A46A,ô„‘ª,ghe,ghe,ğ‘–‘ğ‘–¸
SD-A46C,ô„‘¬,gho,gho,ğ‘–‘ğ‘–º
SD-A46E,ô„‘®,ghaá¹ƒ,gha.m,ğ‘–‘ğ‘–½
SD-A46F,ô„‘¯,ghaá¸¥,gha.h,ğ‘–‘ğ‘–¾
SD-A470,ô„‘°,á¹…a,^na,ğ‘–’
SD-A471,ô„‘±,á¹…Ä,^naa,ğ‘–’ğ‘–¯
SD-A472,ô„‘²,á¹…i,^ni,ğ‘–’ğ‘–°
SD-A473,ô„‘³,á¹…Ä«,^nii,ğ‘–’ğ‘–±
SD-A47A,ô„‘º,á¹…aá¹ƒ,^na.m,ğ‘–’ğ‘–½
SD-A47B,ô„‘»,á¹…aá¸¥,^na.h,ğ‘–’ğ‘–¾
SD-A47C,ô„‘¼,ca,ca,ğ‘–“
SD-A47D,ô„‘½,cÄ,caa,ğ‘–“ğ‘–¯
SD-A47E,ô„‘¾,ci,ci,ğ‘–“ğ‘–°
SD-A4A1,ô„’¡,cÄ«,cii,ğ‘–“ğ‘–±
SD-A4A2,ô„’¢,cu,cu,ğ‘–“ğ‘–²
SD-A4A4,ô„’¤,ce,ce,ğ‘–“ğ‘–¸
SD-A4A5,ô„’¥,cai,cai,ğ‘–“ğ‘–¹
SD-A4A6,ô„’¦,co,co,ğ‘–“ğ‘–º
SD-A4A7,ô„’§,cau,cau,ğ‘–“ğ‘–»
SD-A4A8,ô„’¨,caá¹ƒ,ca.m,ğ‘–“ğ‘–½
SD-A4A9,ô„’©,caá¸¥,ca.h,ğ‘–“ğ‘–¾
SD-A4AA,ô„’ª,cha,cha,ğ‘–”
SD-A4B6,ô„’¶,ja,ja,ğ‘–•
SD-A4B7,ô„’·,jÄ,jaa,ğ‘–•ğ‘–¯
SD-A4B8,ô„’¸,ji,ji,ğ‘–•ğ‘–°
SD-A4B9,ô„’¹,jÄ«,jii,ğ‘–•ğ‘–±
SD-A4BA,ô„’º,ju,ju,ğ‘–•ğ‘–²
SD-A4BC,ô„’¼,je,je,ğ‘–•ğ‘–¸
SD-A4BE,ô„’¾,jo,jo,ğ‘–•ğ‘–º
SD-A4C0,ô„“€,jaá¹ƒ,ja.m,ğ‘–•ğ‘–½
SD-A4C1,ô„“,jaá¸¥,ja.h,ğ‘–•ğ‘–¾
SD-A4C2,ô„“‚,jha,jha,ğ‘––
SD-A4C3,ô„“ƒ,jhÄ,jhaa,ğ‘––ğ‘–¯
SD-A4C4,ô„“„,jhi,jhi,ğ‘––ğ‘–°
SD-A4C8,ô„“ˆ,jhe,jhe,ğ‘––ğ‘–¸
SD-A4CC,ô„“Œ,jhaá¹ƒ,jha.m,ğ‘––ğ‘–½
SD-A4CD,ô„“,jhaá¸¥,jha.h,ğ‘––ğ‘–¾
SD-A4CE,ô„“,Ã±a,~na,ğ‘–—
SD-A4CF,ô„“,Ã±Ä,~naa,ğ‘–—ğ‘–¯
SD-A4D8,ô„“˜,Ã±aá¹ƒ,~na.m,ğ‘–—ğ‘–½
SD-A4D9,ô„“™,Ã±aá¸¥,~na.h,ğ‘–—ğ‘–¾
SD-A4DA,ô„“š,á¹­a,.ta,ğ‘–˜
SD-A4DB,ô„“›,á¹­Ä,.taa,ğ‘–˜ğ‘–¯
SD-A4DC,ô„“œ,á¹­i,.ti,ğ‘–˜ğ‘–°
SD-A4DD,ô„“,á¹­Ä«,.tii,ğ‘–˜ğ‘–±
SD-A4DE,ô„“,á¹­u,.tu,ğ‘–˜ğ‘–²
SD-A4DF,ô„“Ÿ,á¹­Å«,.tuu,ğ‘–˜ğ‘–³
SD-A4E0,ô„“ ,á¹­e,.te,ğ‘–˜ğ‘–¸
SD-A4E1,ô„“¡,á¹­ai,.tai,ğ‘–˜ğ‘–¹
SD-A4E2,ô„“¢,á¹­o,.to,ğ‘–˜ğ‘–º
SD-A4E3,ô„“£,á¹­au,.tau,ğ‘–˜ğ‘–»
SD-A4E4,ô„“¤,á¹­aá¹ƒ,.ta.m,ğ‘–˜ğ‘–½
SD-A4E5,ô„“¥,á¹­aá¸¥,.ta.h,ğ‘–˜ğ‘–¾
SD-A4E6,ô„“¦,á¹­ha,.tha,ğ‘–™
SD-A4E7,ô„“§,á¹­hÄ,.thaa,ğ‘–™ğ‘–¯
SD-A4E8,ô„“¨,á¹­hi,.thi,ğ‘–™ğ‘–°
SD-A4EA,ô„“ª,á¹­hu,.thu,ğ‘–™ğ‘–²
SD-A4EC,ô„“¬,á¹­he,.the,ğ‘–™ğ‘–¸
SD-A4F0,ô„“°,á¹­haá¹ƒ,.tha.m,ğ‘–™ğ‘–½
SD-A4F1,ô„“±,á¹­haá¸¥,.tha.h,ğ‘–™ğ‘–¾
SD-A4F2,ô„“²,á¸a,.da,ğ‘–š
SD-A4F3,ô„“³,á¸Ä,.daa,ğ‘–šğ‘–¯
SD-A4F4,ô„“´,á¸i,.di,ğ‘–šğ‘–°
SD-A4F6,ô„“¶,á¸u,.du,ğ‘–šğ‘–²
SD-A4F7,ô„“·,á¸Å«,.duu,ğ‘–šğ‘–³
SD-A4F8,ô„“¸,á¸e,.de,ğ‘–šğ‘–¸
SD-A4F9,ô„“¹,á¸ai,.dai,ğ‘–šğ‘–¹
SD-A4FA,ô„“º,á¸o,.do,ğ‘–šğ‘–º
SD-A4FC,ô„“¼,á¸aá¹ƒ,.da.m,ğ‘–šğ‘–½
SD-A4FD,ô„“½,á¸aá¸¥,.da.h,ğ‘–šğ‘–¾
SD-A4FE,ô„“¾,á¸ha,.dha,ğ‘–›
SD-A540,ô„•€,á¸hÄ,.dhaa,ğ‘–›ğ‘–¯
SD-A541,ô„•,á¸hi,.dhi,ğ‘–›ğ‘–°
SD-A545,ô„•…,á¸he,.dhe,ğ‘–›ğ‘–¸
SD-A547,ô„•‡,á¸ho,.dho,ğ‘–›ğ‘–º
SD-A549,ô„•‰,á¸haá¹ƒ,.dha.m,ğ‘–›ğ‘–½
SD-A54A,ô„•Š,á¸haá¸¥,.dha.h,ğ‘–›ğ‘–¾
SD-A54B,ô„•‹,á¹‡a,.na,ğ‘–œ
SD-A54C,ô„•Œ,á¹‡Ä,.naa,ğ‘–œğ‘–¯
SD-A54D,ô„•,á¹‡i,.ni,ğ‘–œğ‘–°
SD-A54E,ô„•,á¹‡Ä«,.nii,ğ‘–œğ‘–±
SD-A54F,ô„•,á¹‡u,.nu,ğ‘–œğ‘–²
SD-A550,ô„•,á¹‡Å«,.nuu,ğ‘–œğ‘–³
SD-A551,ô„•‘,á¹‡e,.ne,ğ‘–œğ‘–¸
SD-A552,ô„•’,á¹‡ai,.nai,ğ‘–œğ‘–¹
SD-A553,ô„•“,á¹‡o,.no,ğ‘–œğ‘–º
SD-A555,ô„••,á¹‡aá¹ƒ,.na.m,ğ‘–œğ‘–½
SD-A556,ô„•–,á¹‡aá¸¥,.na.h,ğ‘–œğ‘–¾
SD-A557,ô„•—,ta,ta,ğ‘–
SD-A558,ô„•˜,tÄ,taa,ğ‘–ğ‘–¯
SD-A559,ô„•™,ti,ti,ğ‘–ğ‘–°
SD-A55A,ô„•š,tÄ«,tii,ğ‘–ğ‘–±
SD-A55B,ô„•›,tu,tu,ğ‘–ğ‘–²
SD-A55C,ô„•œ,tÅ«,tuu,ğ‘–ğ‘–³
SD-A55D,ô„•,te,te,ğ‘–ğ‘–¸
SD-A55E,ô„•,tai,tai,ğ‘–ğ‘–¹
SD-A55F,ô„•Ÿ,to,to,ğ‘–ğ‘–º
SD-A561,ô„•¡,taá¹ƒ,ta.m,ğ‘–ğ‘–½
SD-A562,ô„•¢,taá¸¥,ta.h,ğ‘–ğ‘–¾
SD-A563,ô„•£,tha,tha,ğ‘–
SD-A564,ô„•¤,thÄ,thaa,ğ‘–ğ‘–¯
SD-A565,ô„•¥,thi,thi,ğ‘–ğ‘–°
SD-A566,ô„•¦,thÄ«,thii,ğ‘–ğ‘–±
SD-A569,ô„•©,the,the,ğ‘–ğ‘–¸
SD-A56B,ô„•«,tho,tho,ğ‘–ğ‘–º
SD-A56D,ô„•­,thaá¹ƒ,tha.m,ğ‘–ğ‘–½
SD-A56E,ô„•®,thaá¸¥,tha.h,ğ‘–ğ‘–¾
SD-A56F,ô„•¯,da,da,ğ‘–Ÿ
SD-A570,ô„•°,dÄ,daa,ğ‘–Ÿğ‘–¯
SD-A571,ô„•±,di,di,ğ‘–Ÿğ‘–°
SD-A572,ô„•²,dÄ«,dii,ğ‘–Ÿğ‘–±
SD-A573,ô„•³,du,du,ğ‘–Ÿğ‘–²
SD-A574,ô„•´,dÅ«,duu,ğ‘–Ÿğ‘–³
SD-A575,ô„•µ,de,de,ğ‘–Ÿğ‘–¸
SD-A576,ô„•¶,dai,dai,ğ‘–Ÿğ‘–¹
SD-A577,ô„•·,do,do,ğ‘–Ÿğ‘–º
SD-A578,ô„•¸,dau,dau,ğ‘–Ÿğ‘–»
SD-A579,ô„•¹,daá¹ƒ,da.m,ğ‘–Ÿğ‘–½
SD-A57A,ô„•º,daá¸¥,da.h,ğ‘–Ÿğ‘–¾
SD-A57B,ô„•»,dha,dha,ğ‘– 
SD-A57C,ô„•¼,dhÄ,dhaa,ğ‘– ğ‘–¯
SD-A57D,ô„•½,dhi,dhi,ğ‘– ğ‘–°
SD-A57E,ô„•¾,dhÄ«,dhii,ğ‘– ğ‘–±
SD-A5A3,ô„–£,dhe,dhe,ğ‘– ğ‘–¸
SD-A5A4,ô„–¤,dhai,dhai,ğ‘– ğ‘–¹
SD-A5A5,ô„–¥,dho,dho,ğ‘– ğ‘–º
SD-A5A6,ô„–¦,dhau,dhau,ğ‘– ğ‘–»
SD-A5A7,ô„–§,dhaá¹ƒ,dha.m,ğ‘– ğ‘–½
SD-A5A8,ô„–¨,dhaá¸¥,dha.h,ğ‘– ğ‘–¾
SD-A5A9,ô„–©,na,na,ğ‘–¡
SD-A5AA,ô„–ª,nÄ,naa,ğ‘–¡ğ‘–¯
SD-A5AB,ô„–«,ni,ni,ğ‘–¡ğ‘–°
SD-A5AC,ô„–¬,nÄ«,nii,ğ‘–¡ğ‘–±
SD-A5AD,ô„–­,nu,nu,ğ‘–¡ğ‘–²
SD-A5AF,ô„–¯,ne,ne,ğ‘–¡ğ‘–¸
SD-A5B0,ô„–°,nai,nai,ğ‘–¡ğ‘–¹
SD-A5B1,ô„–±,no,no,ğ‘–¡ğ‘–º
SD-A5B2,ô„–²,nau,nau,ğ‘–¡ğ‘–»
SD-A5B3,ô„–³,naá¹ƒ,na.m,ğ‘–¡ğ‘–½
SD-A5B4,ô„–´,naá¸¥,na.h,ğ‘–¡ğ‘–¾
SD-A5B5,ô„–µ,pa,pa,ğ‘–¢
SD-A5B6,ô„–¶,pÄ,paa,ğ‘–¢ğ‘–¯
SD-A5B7,ô„–·,pi,pi,ğ‘–¢ğ‘–°
SD-A5B8,ô„–¸,pÄ«,pii,ğ‘–¢ğ‘–±
SD-A5B9,ô„–¹,pu,pu,ğ‘–¢ğ‘–²
SD-A5BB,ô„–»,pe,pe,ğ‘–¢ğ‘–¸
SD-A5BC,ô„–¼,pai,pai,ğ‘–¢ğ‘–¹
SD-A5BD,ô„–½,po,po,ğ‘–¢ğ‘–º
SD-A5BE,ô„–¾,pau,pau,ğ‘–¢ğ‘–»
SD-A5BF,ô„–¿,paá¹ƒ,pa.m,ğ‘–¢ğ‘–½
SD-A5C0,ô„—€,paá¸¥,pa.h,ğ‘–¢ğ‘–¾
SD-A5C1,ô„—,pha,pha,ğ‘–£
SD-A5C2,ô„—‚,phÄ,phaa,ğ‘–£ğ‘–¯
SD-A5C3,ô„—ƒ,phi,phi,ğ‘–£ğ‘–°
SD-A5C7,ô„—‡,phe,phe,ğ‘–£ğ‘–¸
SD-A5C9,ô„—‰,pho,pho,ğ‘–£ğ‘–º
SD-A5CB,ô„—‹,phaá¹ƒ,pha.m,ğ‘–£ğ‘–½
SD-A5CC,ô„—Œ,phaá¸¥,pha.h,ğ‘–£ğ‘–¾
SD-A5CD,ô„—,ba,ba,ğ‘–¤
SD-A5CE,ô„—,bÄ,baa,ğ‘–¤ğ‘–¯
SD-A5CF,ô„—,bi,bi,ğ‘–¤ğ‘–°
SD-A5D0,ô„—,bÄ«,bii,ğ‘–¤ğ‘–±
SD-A5D1,ô„—‘,bu,bu,ğ‘–¤ğ‘–²
SD-A5D3,ô„—“,be,be,ğ‘–¤ğ‘–¸
SD-A5D4,ô„—”,bai,bai,ğ‘–¤ğ‘–¹
SD-A5D5,ô„—•,bo,bo,ğ‘–¤ğ‘–º
SD-A5D7,ô„——,baá¹ƒ,ba.m,ğ‘–¤ğ‘–½
SD-A5D8,ô„—˜,baá¸¥,ba.h,ğ‘–¤ğ‘–¾
SD-A5D9,ô„—™,bha,bha,ğ‘–¥
SD-A5DA,ô„—š,bhÄ,bhaa,ğ‘–¥ğ‘–¯
SD-A5DB,ô„—›,bhi,bhi,ğ‘–¥ğ‘–°
SD-A5DC,ô„—œ,bhÄ«,bhii,ğ‘–¥ğ‘–±
SD-A5DD,ô„—,bhu,bhu,ğ‘–¥ğ‘–²
SD-A5DE,ô„—,bhÅ«,bhuu,ğ‘–¥ğ‘–³
SD-A5DF,ô„—Ÿ,bhe,bhe,ğ‘–¥ğ‘–¸
SD-A5E0,ô„— ,bhai,bhai,ğ‘–¥ğ‘–¹
SD-A5E1,ô„—¡,bho,bho,ğ‘–¥ğ‘–º
SD-A5E2,ô„—¢,bhau,bhau,ğ‘–¥ğ‘–»
SD-A5E3,ô„—£,bhaá¹ƒ,bha.m,ğ‘–¥ğ‘–½
SD-A5E4,ô„—¤,bhaá¸¥,bha.h,ğ‘–¥ğ‘–¾
SD-A5E5,ô„—¥,ma,ma,ğ‘–¦
SD-A5E6,ô„—¦,mÄ,maa,ğ‘–¦ğ‘–¯
SD-A5E7,ô„—§,mi,mi,ğ‘–¦ğ‘–°
SD-A5E8,ô„—¨,mÄ«,mii,ğ‘–¦ğ‘–±
SD-A5EB,ô„—«,me,me,ğ‘–¦ğ‘–¸
SD-A5EC,ô„—¬,mai,mai,ğ‘–¦ğ‘–¹
SD-A5ED,ô„—­,mo,mo,ğ‘–¦ğ‘–º
SD-A5EE,ô„—®,mau,mau,ğ‘–¦ğ‘–»
SD-A5EF,ô„—¯,maá¹ƒ,ma.m,ğ‘–¦ğ‘–½
SD-A5F0,ô„—°,maá¸¥,ma.h,ğ‘–¦ğ‘–¾
SD-A5F1,ô„—±,ya,ya,ğ‘–§
SD-A5F2,ô„—²,yÄ,yaa,ğ‘–§ğ‘–¯
SD-A5F3,ô„—³,yi,yi,ğ‘–§ğ‘–°
SD-A5F4,ô„—´,yÄ«,yii,ğ‘–§ğ‘–±
SD-A5F5,ô„—µ,yu,yu,ğ‘–§ğ‘–²
SD-A5F7,ô„—·,ye,ye,ğ‘–§ğ‘–¸
SD-A5F8,ô„—¸,yai,yai,ğ‘–§ğ‘–¹
SD-A5F9,ô„—¹,yo,yo,ğ‘–§ğ‘–º
SD-A5FB,ô„—»,yaá¹ƒ,ya.m,ğ‘–§ğ‘–½
SD-A5FC,ô„—¼,yaá¸¥,ya.h,ğ‘–§ğ‘–¾
SD-A5FD,ô„—½,ra,ra,ğ‘–¨
SD-A5FE,ô„—¾,rÄ,raa,ğ‘–¨ğ‘–¯
SD-A640,ô„™€,ri,ri,ğ‘–¨ğ‘–°
SD-A641,ô„™,rÄ«,rii,ğ‘–¨ğ‘–±
SD-A642,ô„™‚,ru,ru,ğ‘–¨ğ‘–²
SD-A643,ô„™ƒ,rÅ«,ruu,ğ‘–¨ğ‘–³
SD-A644,ô„™„,re,re,ğ‘–¨ğ‘–¸
SD-A645,ô„™…,rai,rai,ğ‘–¨ğ‘–¹
SD-A646,ô„™†,ro,ro,ğ‘–¨ğ‘–º
SD-A647,ô„™‡,rau,rau,ğ‘–¨ğ‘–»
SD-A648,ô„™ˆ,raá¹ƒ,ra.m,ğ‘–¨ğ‘–½
SD-A649,ô„™‰,raá¸¥,ra.h,ğ‘–¨ğ‘–¾
SD-A64A,ô„™Š,la,la,ğ‘–©
SD-A64B,ô„™‹,lÄ,laa,ğ‘–©ğ‘–¯
SD-A64C,ô„™Œ,li,li,ğ‘–©ğ‘–°
SD-A64D,ô„™,lÄ«,lii,ğ‘–©ğ‘–±
SD-A64E,ô„™,lu,lu,ğ‘–©ğ‘–²
SD-A650,ô„™,le,le,ğ‘–©ğ‘–¸
SD-A651,ô„™‘,lai,lai,ğ‘–©ğ‘–¹
SD-A652,ô„™’,lo,lo,ğ‘–©ğ‘–º
SD-A654,ô„™”,laá¹ƒ,la.m,ğ‘–©ğ‘–½
SD-A655,ô„™•,laá¸¥,la.h,ğ‘–©ğ‘–¾
SD-A656,ô„™–,va,va,ğ‘–ª
SD-A657,ô„™—,vÄ,vaa,ğ‘–ªğ‘–¯
SD-A658,ô„™˜,vi,vi,ğ‘–ªğ‘–°
SD-A659,ô„™™,vÄ«,vii,ğ‘–ªğ‘–±
SD-A65A,ô„™š,vu,vu,ğ‘–ªğ‘–²
SD-A65C,ô„™œ,ve,ve,ğ‘–ªğ‘–¸
SD-A65D,ô„™,vai,vai,ğ‘–ªğ‘–¹
SD-A65E,ô„™,vo,vo,ğ‘–ªğ‘–º
SD-A660,ô„™ ,vaá¹ƒ,va.m,ğ‘–ªğ‘–½
SD-A661,ô„™¡,vaá¸¥,va.h,ğ‘–ªğ‘–¾
SD-A662,ô„™¢,Å›a,`sa,ğ‘–«
SD-A663,ô„™£,Å›Ä,`saa,ğ‘–«ğ‘–¯
SD-A664,ô„™¤,Å›i,`si,ğ‘–«ğ‘–°
SD-A665,ô„™¥,Å›Ä«,`sii,ğ‘–«ğ‘–±
SD-A666,ô„™¦,Å›u,`su,ğ‘–«ğ‘–²
SD-A667,ô„™§,Å›Å«,`suu,ğ‘–«ğ‘–³
SD-A668,ô„™¨,Å›e,`se,ğ‘–«ğ‘–¸
SD-A669,ô„™©,Å›ai,`sai,ğ‘–«ğ‘–¹
SD-A66A,ô„™ª,Å›o,`so,ğ‘–«ğ‘–º
SD-A66B,ô„™«,Å›au,`sau,ğ‘–«ğ‘–»
SD-A66C,ô„™¬,Å›aá¹ƒ,`sa.m,ğ‘–«ğ‘–½
SD-A66D,ô„™­,Å›aá¸¥,`sa.h,ğ‘–«ğ‘–¾
SD-A66E,ô„™®,á¹£a,.sa,ğ‘–¬
SD-A66F,ô„™¯,á¹£Ä,.saa,ğ‘–¬ğ‘–¯
SD-A670,ô„™°,á¹£i,.si,ğ‘–¬ğ‘–°
SD-A671,ô„™±,á¹£Ä«,.sii,ğ‘–¬ğ‘–±
SD-A674,ô„™´,á¹£e,.se,ğ‘–¬ğ‘–¸
SD-A675,ô„™µ,á¹£ai,.sai,ğ‘–¬ğ‘–¹
SD-A676,ô„™¶,á¹£o,.so,ğ‘–¬ğ‘–º
SD-A678,ô„™¸,á¹£aá¹ƒ,.sa.m,ğ‘–¬ğ‘–½
SD-A679,ô„™¹,á¹£aá¸¥,.sa.h,ğ‘–¬ğ‘–¾
SD-A67A,ô„™º,sa,sa,ğ‘–­
SD-A67B,ô„™»,sÄ,saa,ğ‘–­ğ‘–¯
SD-A67C,ô„™¼,si,si,ğ‘–­ğ‘–°
SD-A67D,ô„™½,sÄ«,sii,ğ‘–­ğ‘–±
SD-A67E,ô„™¾,su,su,ğ‘–­ğ‘–²
SD-A6A2,ô„š¢,se,se,ğ‘–­ğ‘–¸
SD-A6A3,ô„š£,sai,sai,ğ‘–­ğ‘–¹
SD-A6A4,ô„š¤,so,so,ğ‘–­ğ‘–º
SD-A6A5,ô„š¥,sau,sau,ğ‘–­ğ‘–»
SD-A6A6,ô„š¦,saá¹ƒ,sa.m,ğ‘–­ğ‘–½
SD-A6A7,ô„š§,saá¸¥,sa.h,ğ‘–­ğ‘–¾
SD-A6A8,ô„š¨,ha,ha,ğ‘–®
SD-A6A9,ô„š©,hÄ,haa,ğ‘–®ğ‘–¯
SD-A6AA,ô„šª,hi,hi,ğ‘–®ğ‘–°
SD-A6AB,ô„š«,hÄ«,hii,ğ‘–®ğ‘–±
SD-A6AE,ô„š®,he,he,ğ‘–®ğ‘–¸
SD-A6AF,ô„š¯,hai,hai,ğ‘–®ğ‘–¹
SD-A6B0,ô„š°,ho,ho,ğ‘–®ğ‘–º
SD-A6B1,ô„š±,hau,hau,ğ‘–®ğ‘–»
SD-A6B2,ô„š²,haá¹ƒ,ha.m,ğ‘–®ğ‘–½
SD-A6B3,ô„š³,haá¸¥,ha.h,ğ‘–®ğ‘–¾
SD-A848,ô„¡ˆ,nya,nya,
SD-A849,ô„¡‰,nyÄ,nyaa,
SD-A84C,ô„¡Œ,nyu,nyu,
SD-A84E,ô„¡,nye,nye,
SD-A852,ô„¡’,nyaá¹ƒ,nya.m,
SD-CBA7,ô†®§,ká¹›,k.r,ğ‘–ğ‘–´
SD-CBA9,ô†®©,gá¹›,g.r,ğ‘–ğ‘–´
SD-CBAA,ô†®ª,ghá¹›,gh.r,ğ‘–‘ğ‘–´
SD-CBAB,ô†®«,á¹…á¹›,^n.r,ğ‘–’ğ‘–´
SD-CBAC,ô†®¬,cá¹›,c.r,ğ‘–“ğ‘–´
SD-CBC3,ô†¯ƒ,já¹›,j.r,ğ‘–•ğ‘–´
SD-CBC5,ô†¯…,já¹›á¹ƒ,j.r.m,ğ‘–•ğ‘–´ğ‘–½
SD-CBC7,ô†¯‡,jhá¹›,jh.r,ğ‘––ğ‘–´
SD-CBCB,ô†¯‹,Ã±á¹›,~n.r,ğ‘–—ğ‘–´
SD-CBE3,ô†¯£,tá¹›,t.r,ğ‘–ğ‘–´
SD-CBE5,ô†¯¥,tá¹›á¹ƒ,t.r.m,ğ‘–ğ‘–´ğ‘–½
SD-CBEB,ô†¯«,dá¹›,d.r,ğ‘–Ÿğ‘–´
SD-CBEF,ô†¯¯,dhá¹›,dh.r,ğ‘– ğ‘–´
SD-CBF3,ô†¯³,ná¹›,n.r,ğ‘–¡ğ‘–´
SD-CBF7,ô†¯·,pá¹›,p.r,ğ‘–¢ğ‘–´
SD-CC40,ô†±€,bá¹›,b.r,ğ‘–¤ğ‘–´
SD-CC44,ô†±„,bhá¹›,bh.r,ğ‘–¥ğ‘–´
SD-CC46,ô†±†,bhá¹›á¹ƒ,bh.r.m,ğ‘–¥ğ‘–´ğ‘–½
SD-CC48,ô†±ˆ,má¹›,m.r,ğ‘–¦ğ‘–´
SD-CC49,ô†±‰,má¹,m.rr,ğ‘–¦ğ‘–µ
SD-CC4C,ô†±Œ,yá¹›,y.r,ğ‘–§ğ‘–´
SD-CC58,ô†±˜,vá¹›,v.r,ğ‘–ªğ‘–´
SD-CC5C,ô†±œ,Å›á¹›,`s.r,ğ‘–«ğ‘–´
SD-CC60,ô†± ,á¹£á¹›,.s.r,ğ‘–¬ğ‘–´
SD-CC62,ô†±¢,á¹£á¹›á¹ƒ,.s.r.m,ğ‘–¬ğ‘–´ğ‘–½
SD-CC64,ô†±¤,sá¹›,s.r,ğ‘–­ğ‘–´
SD-CC65,ô†±¥,sá¹,s.rr,ğ‘–­ğ‘–µ
SD-CC68,ô†±¨,há¹›,h.r,ğ‘–®ğ‘–´
SD-CC6A,ô†±ª,há¹›á¹ƒ,h.r.m,ğ‘–®ğ‘–´ğ‘–½
SD-CECC,ô†»Œ,sha,sha,
SD-CF55,ô†½•,tta,tta,
SD-CF56,ô†½–,ttÄ,ttaa,
SD-CF57,ô†½—,tti,tti,
SD-CF58,ô†½˜,ttÄ«,ttii,
SD-CF5A,ô†½š,ttÅ«,ttuu,
SD-CF5B,ô†½›,tte,tte,
SD-CF5C,ô†½œ,ttai,ttai,
SD-CF5D,ô†½,tto,tto,
SD-CF5F,ô†½Ÿ,ttaá¹ƒ,tta.m,
SD-CFA7,ô†¾§,nna,nna,
SD-CFA8,ô†¾¨,nnÄ,nnaa,
SD-CFA9,ô†¾©,nni,nni,
SD-CFAD,ô†¾­,nne,nne,
SD-CFB2,ô†¾²,nnaá¸¥,nna.h,
SD-CFC1,ô†¿,hÅ«á¹ƒ,huu.m,ğ‘–®ğ‘–³ğ‘–½
SD-CFC5,ô†¿…,a,a,ğ‘–€
SD-CFC6,ô†¿†,Ä,aa,ğ‘–
SD-CFC7,ô†¿‡,i,i,ğ‘–‚
SD-CFC8,ô†¿ˆ,Ä«,ii,ğ‘–ƒ
SD-CFC9,ô†¿‰,u,u,ğ‘–„
SD-CFCA,ô†¿Š,Å«,uu,ğ‘–…
SD-CFCB,ô†¿‹,á¹›,.r,ğ‘–†
SD-CFCC,ô†¿Œ,á¹,.rr,ğ‘–‡
SD-CFCD,ô†¿,á¸·,.l,ğ‘–ˆ
SD-CFCE,ô†¿,á¸¹,.ll,ğ‘–‰
SD-CFCF,ô†¿,e,e,ğ‘–Š
SD-CFD0,ô†¿,ai,ai,ğ‘–‹
SD-CFD1,ô†¿‘,o,o,ğ‘–Œ
SD-CFD2,ô†¿’,au,au,ğ‘–
SD-CFD3,ô†¿“,aá¹ƒ,a.m,ğ‘–€ğ‘–½
SD-CFD4,ô†¿”,aá¸¥,a.h,ğ‘–€ğ‘–¾
SD-D0DF,ô‡ƒŸ,ta,ta,ğ‘–
SD-D0F3,ô‡ƒ³,a,a,ğ‘–€
SD-D140,ô‡…€,o,o,ğ‘–Œ
SD-D141,ô‡…,au,au,ğ‘–
SD-D167,ô‡…§,a,a,ğ‘–€
SD-D1B8,ô‡†¸,sa,sa,ğ‘–­
SD-D1DB,ô‡‡›,ta,ta,ğ‘–
SD-D1F0,ô‡‡°,Ä,aa,ğ‘–
SD-D1F3,ô‡‡³,u,u,ğ‘—›
SD-D1F4,ô‡‡´,Å«,uu,ğ‘–…
SD-D5B5,ô‡–µ,,,ğ‘—
SD-D5F1,ô‡—±,Ä,aa,ğ‘–
SD-D5F5,ô‡—µ,i,i,ğ‘—š
SD-D5F8,ô‡—¸,i,i,ğ‘—™
SD-D5FA,ô‡—º,Ä«,ii,ğ‘–ƒ
SD-D5FC,ô‡—¼,Ä«,ii,ğ‘—š
SD-D64E,ô‡™,o,o,ğ‘–Œ
SD-D650,ô‡™,au,au,ğ‘–
SD-D657,ô‡™—,á¹…a,^na,ğ‘–’
SD-D663,ô‡™£,á¸ha,.dha,ğ‘–›
SD-D667,ô‡™§,á¹‡a,.na,ğ‘–œ
SD-D676,ô‡™¶,Ä«,ii,ğ‘–ƒ
SD-D8D7,ô‡£—,a,a,ğ‘–€
SD-D950,ô‡¥,,,ğ‘—Š
SD-D953,ô‡¥“,,,â‹¯
SD-D957,ô‡¥—,,,ğ‘—†
SD-D959,ô‡¥™,,,ğ‘—‚
SD-D9F9,ô‡§¹,ddha,ddha,
SD-D9FA,ô‡§º,ddhÄ,ddhaa,
SD-D9FB,ô‡§»,ddhi,ddhi,
SD-D9FC,ô‡§¼,ddhe,ddhe,
SD-DA42,ô‡©‚,oá¹ƒ,o.m,ğ‘–Œğ‘–½
SD-DA4D,ô‡©,tte,tte,
SD-DA74,ô‡©´,hÅ«á¹ƒ,huu.m,ğ‘–®ğ‘–³ğ‘–½
SD-DA78,ô‡©¸,má¹›,m.r,ğ‘–¦ğ‘–´
SD-DAAD,ô‡ª­,ddhaá¹ƒ,ddha.m,
SD-E040,ôˆ€,nÄá¹ƒ,naa.m,ğ‘–¡ğ‘–¯ğ‘–½
SD-E042,ôˆ‚,pÅ«,puu,ğ‘–¢ğ‘–³
SD-E043,ôˆƒ,mu,mu,ğ‘–¦ğ‘–²
SD-E045,ôˆ…,hÄá¹ƒ,haa.m,ğ‘–®ğ‘–¯ğ‘–½
SD-E04E,ôˆ,tuá¹ƒ,tu.m,ğ‘–ğ‘–²ğ‘–½
SD-E04F,ôˆ,ddheá¸¥,ddhe.h,ğ‘–›ğ‘–¸ğ‘–¾
SD-E051,ôˆ‘,á¹‡iá¹ƒ,.ni.m,ğ‘–œğ‘–°ğ‘–½
SD-E056,ôˆ–,liá¸¥,li.h,ğ‘–©ğ‘–°ğ‘–¾
SD-E057,ôˆ—,tiá¹ƒ,ti.m,ğ‘–ğ‘–°ğ‘–½
SD-E05A,ôˆš,saá¹ƒ,sa.m,ğ‘–­ğ‘–½
SD-E05B,ôˆ›,tÄá¸¥,taa.h,ğ‘–ğ‘–¯ğ‘–¾
SD-E05C,ôˆœ,ddhÄá¸¥,ddhaa.h,
SD-E05D,ôˆ,mÄá¹ƒ,maa.m,ğ‘–¦ğ‘–¯ğ‘–½
SD-E05F,ôˆŸ,hoá¸¥,ho.h,ğ‘–®ğ‘–ºğ‘–¾
SD-E060,ôˆ ,huá¹ƒ,hu.m,ğ‘–®ğ‘–²ğ‘–½
SD-E063,ôˆ£,bhiá¹ƒ,bhi.m,ğ‘–¥ğ‘–°ğ‘–½
SD-E064,ôˆ¤,á¹£iá¹ƒ,.si.m,ğ‘–¬ğ‘–°ğ‘–½
SD-E065,ôˆ¥,á¹­uá¹ƒ,.tu.m,ğ‘–˜ğ‘–²ğ‘–½
SD-E069,ôˆ©,yÄá¹ƒ,yaa.m,ğ‘–§ğ‘–¯ğ‘–½
SD-E06A,ôˆª,rÄá¸¥,raa.h,ğ‘–¨ğ‘–¯ğ‘–¾
SD-E06B,ôˆ«,vÄá¸¥,vaa.h,ğ‘–ªğ‘–¯ğ‘–¾
SD-E070,ôˆ°,á¹‡aá¹ƒ,.na.m,ğ‘–œğ‘–½
SD-E072,ôˆ²,gÄá¹ƒ,gaa.m,ğ‘–ğ‘–¯ğ‘–½
SD-E074,ôˆ´,oá¹ƒ,o.m,ğ‘–Œğ‘–¼
SD-E077,ôˆ·,gÄ«,gii,ğ‘–ğ‘–±
SD-E078,ôˆ¸,gÄ«á¸¥,gii.h,ğ‘–ğ‘–±ğ‘–¾
SD-E079,ôˆ¹,dÄ«á¸¥,dii.h,ğ‘–Ÿğ‘–±ğ‘–¾
SD-E07B,ôˆ»,Å›Ä«á¸¥,`sii.h,ğ‘–«ğ‘–±ğ‘–¾
SD-E07C,ôˆ¼,ri,ri,ğ‘–¨ğ‘–°
SD-E07E,ôˆ¾,bhiá¸¥,bhi.h,ğ‘–¥ğ‘–°ğ‘–¾
SD-E0A1,ôˆ‚¡,yaiá¸¥,yai.h,ğ‘–§ğ‘–¹ğ‘–¾
SD-E0A2,ôˆ‚¢,nÅ«,nuu,ğ‘–¡ğ‘–³
SD-E0A7,ôˆ‚§,ddhiá¹ƒ,ddhi.m,ğ‘–›ğ‘–°ğ‘–½
SD-E0A8,ôˆ‚¨,muá¸¥,mu.h,ğ‘–¦ğ‘–²ğ‘–¾
SD-E0A9,ôˆ‚©,tÄá¹ƒ,taa.m,ğ‘–ğ‘–¯ğ‘–½
SD-E0AA,ôˆ‚ª,hu,hu,ğ‘–®ğ‘–²
SD-E0AC,ôˆ‚¬,viá¸¥,vi.h,ğ‘–ªğ‘–°ğ‘–¾
SD-E0AD,ôˆ‚­,suá¸¥,su.h,ğ‘–­ğ‘–²ğ‘–¾
SD-E0B0,ôˆ‚°,ddhÄá¹ƒ,ddhaa.m,
SD-E0B1,ôˆ‚±,suá¹ƒ,su.m,ğ‘–­ğ‘–²ğ‘–½
SD-E0B6,ôˆ‚¶,liá¹ƒ,li.m,ğ‘–©ğ‘–°ğ‘–½
SD-E0B8,ôˆ‚¸,piá¹ƒ,pi.m,ğ‘–¢ğ‘–°ğ‘–½
SD-E0BA,ôˆ‚º,cuá¹ƒ,cu.m,ğ‘–“ğ‘–²ğ‘–½
SD-E0BC,ôˆ‚¼,su,su,ğ‘–­ğ‘–²
SD-E0BE,ôˆ‚¾,kÄá¹ƒ,kaa.m,ğ‘–ğ‘–¯ğ‘–½
SD-E0BF,ôˆ‚¿,loá¹ƒ,lo.m,ğ‘–©ğ‘–ºğ‘–½
SD-E0C0,ôˆƒ€,nuá¹ƒ,nu.m,ğ‘–¡ğ‘–²ğ‘–½
SD-E0C1,ôˆƒ,dhu,dhu,ğ‘– ğ‘–²
SD-E0C2,ôˆƒ‚,á¸o,.do,ğ‘–šğ‘–º
SD-E0C4,ôˆƒ„,á¹‡Äá¹ƒ,.naa.m,ğ‘–œğ‘–¯ğ‘–½
SD-E0C5,ôˆƒ…,lÄá¹ƒ,laa.m,ğ‘–©ğ‘–¯ğ‘–½
SD-E0C6,ôˆƒ†,ghá¹›,gh.r,ğ‘–‘ğ‘–´
SD-E0C8,ôˆƒˆ,gá¹›,g.r,ğ‘–ğ‘–´
SD-E0C9,ôˆƒ‰,bhuá¸¥,bhu.h,ğ‘–¥ğ‘–²ğ‘–¾
SD-E0CF,ôˆƒ,á¹‡Ä«á¹ƒ,.nii.m,ğ‘–œğ‘–±ğ‘–½
SD-E0D0,ôˆƒ,viá¹ƒ,vi.m,ğ‘–ªğ‘–°ğ‘–½
SD-E0D1,ôˆƒ‘,rÄá¹ƒ,raa.m,ğ‘–¨ğ‘–¯ğ‘–½
SD-E0D3,ôˆƒ“,á¹­Ä«á¹ƒ,.tii.m,ğ‘–˜ğ‘–±ğ‘–½
SD-E0D5,ôˆƒ•,lÄá¸¥,laa.h,ğ‘–©ğ‘–¯ğ‘–¾
SD-E0D6,ôˆƒ–,riá¸¥,ri.h,ğ‘–¨ğ‘–°ğ‘–¾
SD-E0D7,ôˆƒ—,liá¹ƒ,li.m,ğ‘–©ğ‘–°ğ‘–½
SD-E0D8,ôˆƒ˜,nÄá¸¥,naa.h,ğ‘–¡ğ‘–¯ğ‘–¾
SD-E0DB,ôˆƒ›,hiá¹ƒ,hi.m,ğ‘–®ğ‘–°ğ‘–½
SD-E0DD,ôˆƒ,bheá¹ƒ,bhe.m,ğ‘–¥ğ‘–¸ğ‘–½
SD-E0E2,ôˆƒ¢,teá¸¥,te.h,ğ‘–ğ‘–¸ğ‘–¾
SD-E0E3,ôˆƒ£,ghiá¹ƒ,ghi.m,ğ‘–‘ğ‘–°ğ‘–½
SD-E0EC,ôˆƒ¬,sÄ«á¹ƒ,sii.m,ğ‘–­ğ‘–±ğ‘–½
SD-E0EE,ôˆƒ®,kuá¹ƒ,ku.m,ğ‘–ğ‘–²ğ‘–½
SD-E0F2,ôˆƒ²,ju,ju,ğ‘–•ğ‘–²
SD-E0F3,ôˆƒ³,sÅ«,suu,ğ‘–­ğ‘–³
SD-E0F7,ôˆƒ·,yuá¸¥,yu.h,ğ‘–§ğ‘–²ğ‘–¾
SD-E0F9,ôˆƒ¹,,,ğ‘—‹
SD-E0FC,ôˆƒ¼,puá¹ƒ,pu.m,ğ‘–¢ğ‘–²ğ‘–½
SD-E0FD,ôˆƒ½,mÄá¹ƒ,maa.m,ğ‘–¦ğ‘–¯ğ‘–½
SD-E143,ôˆ…ƒ,siá¹ƒ,si.m,ğ‘–­ğ‘–°ğ‘–½
SD-E151,ôˆ…‘,tiá¸¥,ti.h,ğ‘–ğ‘–°ğ‘–¾
SD-E158,ôˆ…˜,jeá¹ƒ,je.m,ğ‘–•ğ‘–¸ğ‘–½
SD-E15E,ôˆ…,luá¹ƒ,lu.m,ğ‘–©ğ‘–²ğ‘–½
SD-E161,ôˆ…¡,ha,ha,ğ‘–®
SD-E168,ôˆ…¨,sÅ«,suu,ğ‘–­ğ‘–³
SD-E16E,ôˆ…®,Å›Äá¹ƒ,`saa.m,ğ‘–«ğ‘–¯ğ‘–½
SD-E177,ôˆ…·,dhÄ,dhaa,ğ‘– ğ‘–¯
SD-E17A,ôˆ…º,aá¸¥,a.h,ğ‘–€ğ‘–¾
SD-E17C,ôˆ…¼,hÅ«á¹ƒ,huu.m,ğ‘–®ğ‘–³ğ‘–½
SD-E1A1,ôˆ†¡,kiá¹ƒ,ki.m,ğ‘–ğ‘–°ğ‘–½
SD-E1A5,ôˆ†¥,bhÅ«á¸¥,bhuu.h,ğ‘–¥ğ‘–³ğ‘–¾
SD-E1A9,ôˆ†©,nÄ«á¸¥,nii.h,ğ‘–¡ğ‘–±ğ‘–¾
SD-E1AC,ôˆ†¬,ko,ko,ğ‘–ğ‘–º
SD-E1AD,ôˆ†­,huá¹ƒ,hu.m,ğ‘–®ğ‘–²ğ‘–½
SD-E1AF,ôˆ†¯,vaá¹ƒ,va.m,ğ‘–ªğ‘–½
SD-E1B0,ôˆ†°,aá¹ƒ,a.m,ğ‘–€ğ‘–½
SD-E1B1,ôˆ†±,hÅ«,huu,ğ‘–®ğ‘–³
SD-E1B4,ôˆ†´,dhÅ«,dhuu,ğ‘– ğ‘–³
SD-E1B9,ôˆ†¹,khaá¹ƒ,kha.m,ğ‘–ğ‘–¼
SD-E1BB,ôˆ†»,haá¹ƒ,ha.m,ğ‘–®ğ‘–¼
SD-E1BC,ôˆ†¼,kaá¹ƒ,ka.m,ğ‘–ğ‘–¼
SD-E1BE,ôˆ†¾,maá¹ƒ,ma.m,ğ‘–¦ğ‘–¼
SD-E1BF,ôˆ†¿,muá¹ƒ,mu.m,ğ‘–¦ğ‘–²ğ‘–½
SD-E1C0,ôˆ‡€,paá¹ƒ,pa.m,ğ‘–¢ğ‘–¼
SD-E1C2,ôˆ‡‚,lÅ«á¹ƒ,luu.m,ğ‘–©ğ‘–³ğ‘–½
SD-E1C6,ôˆ‡†,moá¹ƒ,mo.m,ğ‘–¦ğ‘–ºğ‘–½
SD-E1CC,ôˆ‡Œ,Å›a,`sa,ğ‘–«
SD-E1CE,ôˆ‡,Å›o,`so,ğ‘–«ğ‘–º
SD-E1D3,ôˆ‡“,cu,cu,ğ‘–“ğ‘–²
SD-E1D5,ôˆ‡•,dhÄ«á¸¥,dhii.h,ğ‘– ğ‘–±ğ‘–¾
SD-E1D7,ôˆ‡—,hÄá¹ƒ,haa.m,ğ‘–®ğ‘–¯ğ‘–½
SD-E1D9,ôˆ‡™,rÄ«á¹ƒ,rii.m,ğ‘–¨ğ‘–±ğ‘–½
SD-E1DA,ôˆ‡š,du,du,ğ‘–Ÿğ‘–²
SD-E1DB,ôˆ‡›,nÄ«á¹ƒ,nii.m,ğ‘–¡ğ‘–±ğ‘–½
SD-E1DD,ôˆ‡,tÄ«,tii,ğ‘–ğ‘–±
SD-E1DF,ôˆ‡Ÿ,bhá¹›á¹ƒ,bh.r.m,ğ‘–¥ğ‘–´ğ‘–½
SD-E1E4,ôˆ‡¤,dÄá¹ƒ,daa.m,ğ‘–Ÿğ‘–¯ğ‘–½
SD-E1E7,ôˆ‡§,ghu,ghu,ğ‘–‘ğ‘–²
SD-E1E9,ôˆ‡©,thu,thu,ğ‘–ğ‘–²
SD-E1EB,ôˆ‡«,jÄ«,jii,ğ‘–•ğ‘–±
SD-E1ED,ôˆ‡­,á¹£u,.su,ğ‘–¬ğ‘–²
SD-E1EF,ôˆ‡¯,yuá¹ƒ,yu.m,ğ‘–§ğ‘–²ğ‘–½
SD-E1F0,ôˆ‡°,mÅ«,muu,ğ‘–¦ğ‘–³
SD-E1F1,ôˆ‡±,á¹‡Ä,.naa,ğ‘–œğ‘–¯
SD-E1F2,ôˆ‡²,Ä«,ii,ğ‘—š
SD-E1F5,ôˆ‡µ,khu,khu,ğ‘–ğ‘–²
SD-E1F7,ôˆ‡·,buá¸¥,bu.h,ğ‘–¤ğ‘–²ğ‘–¾
SD-E1F9,ôˆ‡¹,Å›Å«,`suu,ğ‘–«ğ‘–³
SD-E1FD,ôˆ‡½,kaiá¸¥,kai.h,ğ‘–ğ‘–¹ğ‘–¾
SD-E241,ôˆ‰,Ä«,ii,ğ‘—™
SD-E24B,ôˆ‰‹,deá¸¥,de.h,ğ‘–Ÿğ‘–¸ğ‘–¾
SD-E24D,ôˆ‰,hiá¸¥,hi.h,ğ‘–®ğ‘–°ğ‘–¾
SD-E24E,ôˆ‰,guá¹ƒ,gu.m,ğ‘–ğ‘–²ğ‘–½
SD-E251,ôˆ‰‘,daiá¸¥,dai.h,ğ‘–Ÿğ‘–¹ğ‘–¾
SD-E254,ôˆ‰”,duá¸¥,du.h,ğ‘–Ÿğ‘–²ğ‘–¾
SD-E256,ôˆ‰–,i,i,ğ‘—š
SD-E25A,ôˆ‰š,á¹£Äá¹ƒ,.saa.m,ğ‘–¬ğ‘–¯ğ‘–½
SD-E25B,ôˆ‰›,nyÄá¹ƒ,nyaa.m,ğ‘–—ğ‘–¯ğ‘–½
SD-E25D,ôˆ‰,roá¹ƒ,ro.m,ğ‘–¨ğ‘–ºğ‘–½
SD-E25E,ôˆ‰,miá¹ƒ,mi.m,ğ‘–¦ğ‘–°ğ‘–½
SD-E266,ôˆ‰¦,hÄá¸¥,haa.h,ğ‘–®ğ‘–¯ğ‘–¾
SD-E26A,ôˆ‰ª,Ã±Ä,~naa,ğ‘–—ğ‘–¯
SD-E26D,ôˆ‰­,kÄá¸¥,kaa.h,ğ‘–ğ‘–¯ğ‘–¾
SD-E271,ôˆ‰±,ddÄ«,ddii,ğ‘–šğ‘–±
SD-E272,ôˆ‰²,luá¸¥,lu.h,ğ‘–©ğ‘–²ğ‘–¾
SD-E277,ôˆ‰·,niá¸¥,ni.h,ğ‘–¡ğ‘–°ğ‘–¾
SD-E278,ôˆ‰¸,thÄá¸¥,thaa.h,ğ‘–ğ‘–¯ğ‘–¾
SD-E279,ôˆ‰¹,loá¸¥,lo.h,ğ‘–©ğ‘–ºğ‘–¾
SD-E27A,ôˆ‰º,raiá¸¥,rai.h,ğ‘–¨ğ‘–¹ğ‘–¾
SD-E27B,ôˆ‰»,taiá¸¥,tai.h,ğ‘–ğ‘–¹ğ‘–¾
SD-E27D,ôˆ‰½,laiá¸¥,lai.h,ğ‘–©ğ‘–¹ğ‘–¾
SD-E27E,ôˆ‰¾,pÄ«á¸¥,pii.h,ğ‘–¢ğ‘–±ğ‘–¾
SD-E2A1,ôˆŠ¡,dhiá¹ƒ,dhi.m,ğ‘– ğ‘–°ğ‘–½
SD-E2A2,ôˆŠ¢,lÄ«á¹ƒ,lii.m,ğ‘–©ğ‘–±ğ‘–½
SD-E2A5,ôˆŠ¥,dhaá¹ƒ,dha.m,ğ‘– ğ‘–¼
SD-E2A6,ôˆŠ¦,roá¸¥,ro.h,ğ‘–¨ğ‘–ºğ‘–¾
SD-E2AB,ôˆŠ«,á¹‡i,.ni,ğ‘–œğ‘–°
SD-E2B0,ôˆŠ°,á¸a,.da,ğ‘–š
SD-E2B1,ôˆŠ±,o,o,ğ‘–Œ
SD-E2B9,ôˆŠ¹,huá¹ƒ,hu.m,ğ‘–®ğ‘–²ğ‘–½
SD-E2BE,ôˆŠ¾,vÄá¹ƒ,vaa.m,ğ‘–ªğ‘–¯ğ‘–½
SD-E2C0,ôˆ‹€,jiá¹ƒ,ji.m,ğ‘–•ğ‘–°ğ‘–½
SD-E2C3,ôˆ‹ƒ,niá¹ƒ,ni.m,ğ‘–¡ğ‘–°ğ‘–½
SD-E2C5,ôˆ‹…,ddi,ddi,ğ‘–šğ‘–°
SD-E2C8,ôˆ‹ˆ,riá¹ƒ,ri.m,ğ‘–¨ğ‘–°ğ‘–½
SD-E2CC,ôˆ‹Œ,hÄ«á¸¥,hii.h,ğ‘–®ğ‘–±ğ‘–¾
SD-E2CE,ôˆ‹,Å›iá¹ƒ,`si.m,ğ‘–«ğ‘–°ğ‘–½
SD-E2D1,ôˆ‹‘,á¹­aá¹ƒ,.ta.m,ğ‘–˜ğ‘–½
SD-E2E6,ôˆ‹¦,dÄ«á¹ƒ,dii.m,ğ‘–Ÿğ‘–±ğ‘–½
SD-E2ED,ôˆ‹­,tÄ«á¹ƒ,tii.m,ğ‘–ğ‘–±ğ‘–½
SD-E2EE,ôˆ‹®,dhiá¸¥,dhi.h,ğ‘– ğ‘–°ğ‘–¾
SD-E2F2,ôˆ‹²,dai,dai,ğ‘–Ÿğ‘–¹
SD-E2F6,ôˆ‹¶,hÅ«á¹ƒ,huu.m,ğ‘–®ğ‘–³ğ‘–½
SD-E2F9,ôˆ‹¹,ttha,ttha,
SD-E2FA,ôˆ‹º,khau,khau,ğ‘–ğ‘–»
SD-E344,ôˆ„,keá¸¥,ke.h,ğ‘–ğ‘–¸ğ‘–¾
SD-E347,ôˆ‡,,,â¬œ
SD-E351,ôˆ‘,hÅ«á¹ƒ,huu.m,ğ‘–®ğ‘–³ğ‘–¼
SD-E352,ôˆ’,cuá¹ƒ,cu.m,ğ‘–“ğ‘–²ğ‘–¼
SD-E355,ôˆ•,,,ğ‘—‚
SD-E356,ôˆ–,jÄ,jaa,ğ‘–•ğ‘–¯
SD-E357,ôˆ—,Ã±a,~na,
SD-E358,ôˆ˜,Ã±a,~na,
SD-E359,ôˆ™,á¹‡a,.na,
SD-E35A,ôˆš,,,(
SD-E35B,ôˆ›,,,)
SD-E35F,ôˆŸ,tÅ«,tuu,ğ‘–ğ‘–³
SD-E360,ôˆ ,ta,ta,ğ‘–
SD-E361,ôˆ¡,dha,dha,ğ‘– 
SD-E362,ôˆ¢,na,na,ğ‘–¡
SD-E364,ôˆ¤,nna,nna,
SD-E36C,ôˆ¬,,,[
SD-E36D,ôˆ­,,,]
SD-E370,ôˆ°,va,va,ğ‘–ª
SD-E371,ôˆ±,á¹…a,^na,ğ‘–’
SD-E372,ôˆ²,á¹…a,^na,ğ‘–’
SD-E373,ôˆ³,Ã±a,~na,ğ‘–—
SD-E374,ôˆ´,khá¹›,kh.r,ğ‘–ğ‘–´
SD-E37B,ôˆ»,dÅ«,duu,ğ‘–Ÿğ‘–³
SD-E3A4,ôˆ¤,laá¹ƒ,la.m,ğ‘–©ğ‘–½
SD-E3A7,ôˆ§,bhuá¹ƒ,bhu.m,ğ‘–¥ğ‘–²ğ‘–½
SD-E3AD,ôˆ­,bu,bu,ğ‘–¤ğ‘–²
SD-E3AF,ôˆ¯,jÅ«,juu,ğ‘–•ğ‘–³
SD-E3B0,ôˆ°,li,li,ğ‘–©ğ‘–°
SD-E3B1,ôˆ±,tthi,tthi,ğ‘–™ğ‘–°
SD-E3BA,ôˆº,,,ğ‘—„
SD-E3BB,ôˆ»,ha,ha,ğ‘–®
SD-E3BF,ôˆ¿,á¸·,.l,ğ‘–ˆ
SD-E3C1,ôˆ,á¹›,.r,ğ‘–†
SD-E3C3,ôˆƒ,huá¸¥,hu.h,ğ‘–®ğ‘–²ğ‘–¾
SD-E3C7,ôˆ‡,dÅ«,duu,ğ‘–Ÿğ‘–³
SD-E3C8,ôˆˆ,yu,yu,ğ‘–§ğ‘–²
SD-E3D2,ôˆ’,jÅ«,juu,ğ‘–•ğ‘–³
SD-E3D9,ôˆ™,Å›au,`sau,ğ‘–«ğ‘–»
SD-E3DE,ôˆ,pu,pu,ğ‘–¢ğ‘–²
SD-E3E2,ôˆ¢,juá¹ƒ,ju.m,ğ‘–•ğ‘–²ğ‘–½
SD-E3E4,ôˆ¤,gá¹›á¹ƒ,g.r.m,ğ‘–ğ‘–´ğ‘–½
SD-E3E5,ôˆ¥,sá¹›,s.r,ğ‘–­ğ‘–´
SD-E3E8,ôˆ¨,sÄá¹ƒ,saa.m,ğ‘–­ğ‘–¯ğ‘–½
SD-E3EB,ôˆ«,á¹‡u,.nu,ğ‘–œğ‘–²
SD-E3EE,ôˆ®,dda,dda,ğ‘–š
SD-E3EF,ôˆ¯,pÅ«á¹ƒ,puu.m,ğ‘–¢ğ‘–³ğ‘–½
SD-E3F5,ôˆµ,yaá¹ƒ,ya.m,ğ‘–§ğ‘–½
SD-E3F9,ôˆ¹,ddhÄá¹ƒ,ddhaa.m,
SD-E3FC,ôˆ¼,Å«,uu,ğ‘–…
SD-E3FD,ôˆ½,u,u,ğ‘—›
SD-E441,ôˆ‘,saá¹ƒ,sa.m,ğ‘–­ğ‘–½
SD-E445,ôˆ‘…,dhÄ,dhaa,ğ‘– ğ‘–¯
SD-E459,ôˆ‘™,,,ï¼Ÿ
SD-E46A,ôˆ‘ª,ttiá¹ƒ,tti.m,ğ‘–˜ğ‘–°ğ‘–½
SD-E46D,ôˆ‘­,seá¹ƒ,se.m,ğ‘–­ğ‘–¸ğ‘–½
SD-E471,ôˆ‘±,maá¹ƒ,ma.m,ğ‘–¦ğ‘–¼
SD-E472,ôˆ‘²,sÄá¸¥,saa.h,ğ‘–­ğ‘–¯ğ‘–¾
SD-E473,ôˆ‘³,mÄá¸¥,maa.h,ğ‘–¦ğ‘–¯ğ‘–¾
SD-E4A5,ôˆ’¥,dda,dda,
SD-E4B3,ôˆ’³,dhÅ«,dhuu,ğ‘– ğ‘–³
SD-E4BB,ôˆ’»,ddho,ddho,ğ‘–›ğ‘–º
SD-E4BC,ôˆ’¼,ddhai,ddhai,
SD-E4C4,ôˆ“„,lÄá¹ƒ,laa.m,ğ‘–©ğ‘–¯ğ‘–½
SD-E4C5,ôˆ“…,Å›aá¹ƒ,`sa.m,ğ‘–«ğ‘–½
SD-E4CD,ôˆ“,á¹‡i,.ni,ğ‘–œğ‘–°
SD-E4D2,ôˆ“’,á¹‡ai,.nai,ğ‘–œğ‘–¹
SD-E4D3,ôˆ““,gaá¹ƒ,ga.m,ğ‘–ğ‘–½
SD-E4D4,ôˆ“”,jaá¹ƒ,ja.m,ğ‘–•ğ‘–½
SD-E4D7,ôˆ“—,Å›Äá¹ƒ,`saa.m,ğ‘–«ğ‘–¯ğ‘–½
SD-E4D9,ôˆ“™,ciá¹ƒ,ci.m,ğ‘–“ğ‘–°ğ‘–½
SD-E4DB,ôˆ“›,yeá¸¥,ye.h,ğ‘–§ğ‘–¸ğ‘–¾
SD-E4DD,ôˆ“,á¹‡e,.ne,ğ‘–œğ‘–¸
SD-E4DF,ôˆ“Ÿ,á¹‡aá¹ƒ,.na.m,ğ‘–œğ‘–½
SD-E4E0,ôˆ“ ,á¹‡aá¸¥,.na.h,ğ‘–œğ‘–¾
SD-E4E7,ôˆ“§,ká¹,k.rr,ğ‘–ğ‘–µ
SD-E4EA,ôˆ“ª,huá¹ƒ,hu.m,ğ‘–®ğ‘–²ğ‘–½
SD-E4EC,ôˆ“¬,á¹­Ä,.taa,ğ‘–˜ğ‘–¯
SD-E4ED,ôˆ“­,á¹­aá¸¥,.ta.h,ğ‘–˜ğ‘–¾
SD-E4F7,ôˆ“·,nu,nu,ğ‘–¡ğ‘–²
SD-E4F9,ôˆ“¹,á¹­Å«á¹ƒ,.tuu.m,ğ‘–˜ğ‘–³ğ‘–½
SD-E4FE,ôˆ“¾,vÄá¹ƒ,vaa.m,ğ‘–ªğ‘–¯ğ‘–½
SD-E543,ôˆ•ƒ,ttÄá¹ƒ,ttaa.m,
SD-E546,ôˆ•†,á¹£Å«,.suu,ğ‘–¬ğ‘–³
SD-E548,ôˆ•ˆ,pÄá¹ƒ,paa.m,ğ‘–¢ğ‘–¯ğ‘–½
SD-E550,ôˆ•,yÅ«,yuu,ğ‘–§ğ‘–³
SD-E557,ôˆ•—,khÅ«,khuu,ğ‘–ğ‘–³
SD-E561,ôˆ•¡,cÅ«,cuu,ğ‘–“ğ‘–³
SD-E563,ôˆ•£,ddhaá¸¥,ddha.h,
SD-E564,ôˆ•¤,dhÅ«á¸¥,dhuu.h,ğ‘– ğ‘–³ğ‘–¾
SD-E565,ôˆ•¥,dhuá¹ƒ,dhu.m,ğ‘– ğ‘–²ğ‘–½
SD-E56A,ôˆ•ª,ghÅ«,ghuu,ğ‘–‘ğ‘–³
SD-E56B,ôˆ•«,ghuá¹ƒ,ghu.m,ğ‘–‘ğ‘–²ğ‘–½
SD-E573,ôˆ•³,lÅ«á¹ƒ,luu.m,ğ‘–©ğ‘–³ğ‘–½
SD-E5A1,ôˆ–¡,á¹‡u,.nu,ğ‘–œğ‘–²
SD-E5A2,ôˆ–¢,phu,phu,ğ‘–£ğ‘–²
SD-E5A3,ôˆ–£,phuá¸¥,phu.h,ğ‘–£ğ‘–²ğ‘–¾
SD-E5A6,ôˆ–¦,puá¸¥,pu.h,ğ‘–¢ğ‘–²ğ‘–¾
SD-E5B1,ôˆ–±,thiá¹ƒ,thi.m,ğ‘–ğ‘–°ğ‘–½
SD-E5B2,ôˆ–²,á¹­hÅ«,.thuu,ğ‘–™ğ‘–³
SD-E5C3,ôˆ—ƒ,Å›u,`su,ğ‘–«ğ‘–²
SD-E5C4,ôˆ—„,jÄá¹ƒ,jaa.m,ğ‘–•ğ‘–¯ğ‘–½
SD-E5C5,ôˆ—…,á¸hÄá¹ƒ,.dhaa.m,ğ‘–›ğ‘–¯ğ‘–½
SD-E5C6,ôˆ—†,nÅ«,nuu,ğ‘–¡ğ‘–³
SD-E5C7,ôˆ—‡,bÅ«,buu,ğ‘–¤ğ‘–³
SD-E5C9,ôˆ—‰,lÅ«,luu,ğ‘–©ğ‘–³
SD-E5D2,ôˆ—’,nnÄá¹ƒ,nnaa.m,ğ‘–œğ‘–¯ğ‘–½
